Seed,Final Fitness
10,6.633808446565581e-06
20,0.0030823011411005297
30,2.822029543381177e-08
40,1.4126998237884436e-07
50,0.0003768371164962758
Mean,0.0006931883112642368
Std,0.0012033353971856835
Min,2.822029543381177e-08
