Population,Mean Fitness,Std Dev,Best Fitness
100,1.3991897779304452,1.277570344737796,0.10346603292061296
50,3.7704760108314175,4.794412523803078,0.001930980868623422
20,4.2505024961393705,2.1473861401423284,1.3536743490880223
