Population,Mean Fitness,Std Dev,Best Fitness
50,0.2400110905369271,0.38123458332731924,0.00010570945267929233
25,2.9945936266434154,1.4845910615209552,1.555727432517962
10,3.893257545594765,0.7742604035125523,2.7425744612683776
